{
  "type": "minecraft:overworld",
  "generator": {
    "type": "minecraft:noise",
    "seed": 0,
    "biome_source": {
      "type": "minecraft:multi_noise",
      "seed": 0,
      "altitude_noise": {
        "firstOctave": -7,
        "amplitudes": [1, 0.5]
      },
      "temperature_noise": {
        "firstOctave": -7,
        "amplitudes": [1, 1]
      },
      "humidity_noise": {
        "firstOctave": -7,
        "amplitudes": [1, 1]
      },
      "weirdness_noise": {
        "firstOctave": -7,
        "amplitudes": [1, 1]
      },
      "biomes": [
        {
          "biome": "minecraft:desert",
          "parameters": {
            "altitude": 0,
            "temperature": 0,
            "humidity": 0,
            "weirdness": 0,
            "offset": 0
          }
        },
        {
          "biome": "minecraft:desert_hills",
          "parameters": {
            "altitude": 0.5,
            "temperature": 0,
            "humidity": -0.3,
            "weirdness": 0,
            "offset": 0
          }
        },
        {
          "biome": "minecraft:badlands",
          "parameters": {
            "altitude": 0.5,
            "temperature": 0,
            "humidity": 0.3,
            "weirdness": 0,
            "offset": 0
          }
        },
        {
          "__comment": "Water should be fairly rare",
          "biome": "minecraft:desert_lakes",
          "parameters": {
            "altitude": -0.2,
            "temperature": 0,
            "humidity": 0,
            "weirdness": 0,
            "offset": 0.3
          }
        }
      ]
    },
    "settings": "minecraft:overworld"
  }
}
