{
  "pools": [
    {
      "rolls": 5,
      "entries": [
        {
          "type": "loot_table",
          "name": "s3r_btd:green_saplings",
          "weight": 5
        },
        {
          "type": "loot_table",
          "name": "s3r_btd:green_plants",
          "weight": 1
        },
        {
          "type": "loot_table",
          "name": "s3r_btd:green_seeds",
          "weight": 1
        },
        {
          "type": "item",
          "name": "bone_meal",
          "functions": [
            {
              "function": "set_count",
              "count": 64
            }
          ]
        }
      ]
    }
  ]
}
