{
  "pools": [
    {
      "rolls": 1,
      "entries": [
        {
          "type": "item",
          "name": "wheat_seeds",
          "functions": [
            {
              "function": "set_count",
              "count": 4
            }
          ]
        },
        {
          "type": "item",
          "name": "carrot",
          "functions": [
            {
              "function": "set_count",
              "count": 4
            }
          ]
        },
        {
          "type": "item",
          "name": "potato",
          "functions": [
            {
              "function": "set_count",
              "count": 4
            }
          ]
        },
        {
          "type": "item",
          "name": "beetroot_seeds",
          "functions": [
            {
              "function": "set_count",
              "count": 4
            }
          ]
        },
        {
          "type": "item",
          "name": "melon_seeds",
          "functions": [
            {
              "function": "set_count",
              "count": 4
            }
          ]
        },
        {
          "type": "item",
          "name": "pumpkin_seeds",
          "functions": [
            {
              "function": "set_count",
              "count": 4
            }
          ]
        },
        {
          "type": "item",
          "name": "cocoa_beans",
          "functions": [
            {
              "function": "set_count",
              "count": 4
            }
          ]
        },
        {
          "type": "item",
          "name": "sweet_berries",
          "functions": [
            {
              "function": "set_count",
              "count": 4
            }
          ]
        }
      ]
    }
  ]
}
