{
  "pools": [
    {
      "rolls": 1,
      "entries": [
        {
          "type": "item",
          "name": "minecraft:acacia_sapling"
        },
        {
          "type": "item",
          "name": "minecraft:birch_sapling"
        },
        {
          "type": "item",
          "name": "minecraft:dark_oak_sapling"
        },
        {
          "type": "item",
          "name": "minecraft:jungle_sapling"
        },
        {
          "type": "item",
          "name": "minecraft:oak_sapling"
        },
        {
          "type": "item",
          "name": "minecraft:spruce_sapling"
        },
        {
          "type": "item",
          "name": "bamboo"
        }
      ]
    }
  ]
}
